CIN,Name,roc,status
U29265DL1987PTC028909,ECMEC ELECTRICALS PRIVATE LIMITED,Delhi,Strike Off
U74999DL1901PLC002621,THE PUBLIC FOUNDRY AND WORKSHOP LIMITED,Delhi,Strike Off
U28112DL1974PTC007317,CHEMCOR FABRICATORS DELHI PRIVATE LIMITED,Delhi,Strike Off
U93000DL1998PTC096149,BAND AND ASSOCIATES PRIVATE LIMITED,Delhi,Strike Off
U65992DL1988PTC030513,SHUBHAM CHIT FUND PRIVATE LIMITED,Delhi,Active
U74999DL2016PTC305850,AKS INDIA PRIVATE LIMITED,Delhi,Active
U74999DL2018NPL328316,MYAKS INDIA FOUNDATION,Delhi,Active
U62100DL1981PLC000041,VAYUDOOT LIMITED,Delhi,Strike Off
U24100DL1997PTC089967,SRI PARAMESHWARI CHEMICAL INDUSTRIES PRIVATE LIMITED,Delhi,Strike Off
U24239DL1999PTC102027,SWASTHYA AROGYA NIKETAN AND RESEARCH CENTRE PRIVATE LIMITED,Delhi,Strike Off
U18101DL2002PTC117588,WRAPTURE COUTURE PRIVATE LIMITED,Delhi,Strike Off
U00000DL2001PTC109189,FLEXTRONICS TECHNOLOGIES (INDIA) PRIVATE LIMITED,Delhi,Not available for efiling
U00082DL1949PTC001646,SHEELATA PROPERTIES PRIVATE LIMITED,Delhi,Strike Off
U65923DL1962PTC003722,AUTOLITE FINANCIERS PRIVATE LIMITED,Delhi,Strike Off
U65992DL2000PTC105515,VNS CHIT FUND PRIVATE LIMITED,Delhi,Active
U63010DL2009PTC194162,SYNAPSES ADVENTURES PRIVATE LIMITED,Delhi,Active
U70200DL2011PTC223717,GOLDEN EARTH BUILDERS PRIVATE LIMITED,Delhi,Strike Off
U55101DL1999PTC101118,MAGUS ESTATES AND HOTELS PRIVATE LIMITED,Delhi,Strike Off
U55204DL2001PTC109941,PARADIGM HOSPITALITY PRIVATE LIMITED,Delhi,Active
U52334DL1999PTC101053,MS WEBTRADE PRIVATE LIMITED,Delhi,Strike Off
U74899DL2001PTC109163,ARI E BUSINESS PRIVATE LIMITED,Delhi,Strike Off
U74899DL2002PTC104697,VIDYA EARTH MOVING EQUIPMENTS PRIVATE LIMITED,Delhi,Strike Off
U74899DL2005PTC143885,AMAN FABRICATORS PRIVATE LIMITED,Delhi,Strike Off
U74900DL1970PTC005388,TURNION INDIA PRIVATE LIMITED,Delhi,Strike Off
U74999DL1945PLC000900,AAND IMPEX LIMITED,Delhi,Strike Off
U72900DL2020PTC372419,TECHSPIRE SERVICES PRIVATE LIMITED,Delhi,Active
U74130DL1977PTC008810,AMNCO ENGINEERS PRIVATE LIMITED,Delhi,Strike Off
U74899DL1981PTC011498,BROADSTONE FARMS PRIVATE LIMITED,Delhi,Strike Off
U99999DL1991PTC046684,GREEN PUBLISHERS AND DISTRIBUTORS PRIVAT E LIMITED,Delhi,Strike Off
U70109DL2010PTC208722,INSAAF BUILDWELL PRIVATE LIMITED,Delhi,Active
U74899DL2001PTC109163,ARI E BUSINESS PRIVATE LIMITED,Delhi,Strike Off
U74899DL2002PTC104697,VIDYA EARTH MOVING EQUIPMENTS PRIVATE LIMITED,Delhi,Strike Off
U74899DL2005PTC143885,AMAN FABRICATORS PRIVATE LIMITED,Delhi,Strike Off
U74900DL1970PTC005388,TURNION INDIA PRIVATE LIMITED,Delhi,Strike Off
U74999DL1945PLC000900,AAND IMPEX LIMITED,Delhi,Strike Off
U74999DL1994PLC059227,PROTECT INDUSTRIES INDIA LIMITED,Delhi,Strike Off
U74130DL1977PTC008810,AMNCO ENGINEERS PRIVATE LIMITED,Delhi,Strike Off
U74899DL1981PTC011498,BROADSTONE FARMS PRIVATE LIMITED,Delhi,Strike Off
U93000DL1998PTC096152,MILLS AND ASSOCIATES PRIVATE LIMITED,Delhi,Strike Off
U99999DL1984PTC018087,EASWERS HIGH VACCUM PVT.LTD.,Delhi,Not available for efiling
U67120DL2001PTC109986,RITA SECURITIES AND SERVICES PRIVATE LIMITED,Delhi,Strike Off
U72200DL2001PTC109265,INDUS VALLEY INFOTECH PRIVATE LIMITED.,Delhi,Strike Off
U74300DL2005PLC143427,INDIA NEWS COMMUNICATIONS LIMITED,Delhi,Active
U55101DL1956PTC002750,CARANAN HOTELS PRIVATE LIMITED,Delhi,Strike Off
U29190DL1958PTC002920,AMTEEP MACHINES PRIVATE LIMITED,Delhi,Strike Off
U21017DL2000PTC103286,MBS DATA FORMS PRIVATE LIMITED,Delhi,Strike Off
U92419DL2005PTC144004,DAZZEL DIAMONDS HOSPITALITY PRIVATE LIMITED,Delhi,Strike Off
U92132DL1999PTC100759,SPELLBINDER PRODUCTIONS PRIVATE LIMITED,Delhi,Strike Off
U65921DL1999PTC101433,VITAL FINANCIAL PRIVATE LIMITED,Delhi,Amalgamated
U51909DL2002PTC117199,ADBHUT MARKETING NETWORK PRIVATE LIMITED,Delhi,Strike Off
U51909DL2005PTC142262,PSP EXIM PRIVATE LIMITED,Delhi,Converted to LLP
U99999DL2000PTC108177,WIRENIX INDIA PRIVATE LIMITED,Delhi,Strike Off
U74140DL1988PTC033629,GRASS ROOT CONSULTANTS PRIVATE LIMITED,Delhi,Strike Off
U74899DL1993PTC055456,SUBH-LABH SECURITIES PRIVATE LIMITED,Delhi,Strike Off
U15412DL1990PTC038960,MIDLAND FOODS PRIVATE LIMITED,Delhi,Strike Off
U51109DL2008PTC176009,DINCO MOTORS PRIVATE LIMITED,Delhi,Active
U51496DL2008PTC178264,ATHARVA PAPYRUS MEDICURE PRIVATE LIMITED,Delhi,Strike Off
U45309DL2017PTC322998,NAGARJUNA CONTRACTING PRIVATE LIMITED,Delhi,Active
U45201DL2017PTC322910,NAGARJUNA INFRA PROJECTS PRIVATE LIMITED,Delhi,Active
U93000DL1998PTC096148,GARNES AND ASSOCIATES PRIVATE LIMITED,Delhi,Strike Off
U51909DL2002PTC117199,ADBHUT MARKETING NETWORK PRIVATE LIMITED,Delhi,Strike Off
U70101DL1999PTC100684,NET-TECH CONSTRUCTIONS PRIVATE LIMITED,Delhi,Strike Off
U51909DL2005PTC142262,PSP EXIM PRIVATE LIMITED,Delhi,Converted to LLP
U52311DL1901PLC003115,RANBAXY LABORATERIES PRIVATE LIMITED,Delhi,Not available for efiling
U99999DL1983PLC016209,R.P.HYDDRO OILS LTD.,Delhi,Not available for efiling
U99999DL1984PTC019135,LAXMI PIPES PVT.LTD.,Delhi,Not available for efiling
U99999DL2000PTC108177,WIRENIX INDIA PRIVATE LIMITED,Delhi,Strike Off
U33112DL2005PTC138943,EVOLVE HEALTHCARE PRIVATE LIMITED,Delhi,Strike Off
U15147DL2004PTC131005,TERRA ARCHPLAN PROMOTERS PRIVATE LIMITED,Delhi,Strike Off
U16003DL1988PTC030824,MUJAHID ALI AND CO PVT LTD,Delhi,Strike Off
U24220DL1949PTC001577,RAJAWAT MINERALS AND PAINTS PRIVATE LIMITED,Delhi,Not available for efiling
U01407DL1997PLC089929,OGPL INDIA LIMITED,Delhi,Strike Off
U00082DL1946PTC000923,D.R.KUKREDA AND COMPANY PRIVATE LIMITED,Delhi,Strike Off
U00367DL1983PTC015354,HIMASEN ALPHA PVT.LTD.,Delhi,Not available for efiling
U00389DL1949PTC001655,DEEPAK OPTIC PRIVATE LIMITED,Delhi,Strike Off
U63040DL2000PTC103690,RIDHABH ORGANIZERS PRIVATE LIMITED,Delhi,Strike Off
U72900DL2019PTC344741,L2W SYSTEMS PRIVATE LIMITED,Delhi,Active
U29300DL2016PTC300009,GREENDAY INFOTECH PRIVATE LIMITED,Delhi,Active
U45202DL1999PTC102635,JENENDRA BUILDCON PRIVATE LIMITED,Delhi,Strike Off
U74140DL2015PTC284841,INDIAN EYES SECURITY PRIVATE LIMITED,Delhi,Strike Off
U99999DL1982PTC014394,INDIA FOUNDRY CHEMICALS PVT.LTD.,Delhi,Not available for efiling
U99999DL1984PTC019071,ABERDEEN TRADING AND INVESTMENT CO PVT LTD,Delhi,Strike Off
U74120DL2008PTC173404,VINAYAK MULTILEVEL MARKETING SOLUTION PRIVATE LIMITED,Delhi,Strike Off
U74210DL1999PTC102185,SUHAIL SALES (INDIA) PRIVATE LIMITED,Delhi,Strike Off
U74899DL1974PTC007374,GOLDEN TEXTILES PRIVATE LIMITED,Delhi,Active
U74899DL1985PTC022443,SHYAM BUILDERS PRIVATE LIMITED,Delhi,Strike Off
U74999DL1997PTC088945,ECO CRAFT PRIVATE LIMITED,Delhi,Strike Off
U63030DL2020PTC361756,LOG29 CARGO MOVERS PRIVATE LIMITED,Delhi,Active
U72900DL2020PTC361739,ITONIC SOFTWARE PRIVATE LIMITED,Delhi,Active
U67120DL2000PTC107212,ANGEL BUSINESS SERVICES PRIVATE LIMITED,Delhi,Active
U51502DL2013PTC257933,STAR FLEX INDIA PRIVATE LIMITED,Delhi,Active
AAG-0149,ALGO WIL INDIA LLP,Delhi,Active
U74140DL2006PTC146566,HUMAN FACTOR TRAINING SOLUTION PRIVATE LIMITED,Delhi,Strike Off
U74899DL1987PTC027094,HI-TECH OILS PRIVATE LIMITED,Delhi,Active
U22122DL2006PTC145330,VIJAYVANI PUBLISHERS PRIVATE LIMITED,Delhi,Strike Off
U18109DL1981PTC012471,KRISHAN CREATION PRIVATE LIMITED,Delhi,Strike Off
U72300DL2011PTC228473,BOLKRIS INFO PRIVATE LIMITED,Delhi,Strike Off
U22300DL2006PTC147014,ICON CONTENT MULTIMEDIA PRIVATE LIMITED,Delhi,Strike Off
U67190DL2014PTC273107,JOHN DORY SECURITIES SERVICES PRIVATE LIMITED,Delhi,Strike Off
U74999DL2016PTC306247,RAJBALA RBR REALCON PRIVATE LIMITED,Delhi,Active
U70109DL2020PTC361981,POLWELL REAL ESTATES PRIVATE LIMITED,Delhi,Active
U21093DL2021PTC380040,WOODCRAFTS PRINTOTECH PRIVATE LIMITED,Delhi,Active
U18101DL2005PTC132199,MEERAJ APPAREL PRIVATE LIMITED,Delhi,Active
U01100DL2021PTC377916,TRDP AGRO SCIENCE PRIVATE LIMITED,Delhi,Active
U70200DL2013PTC259481,BRB INFRATECH PRIVATE LIMITED,Delhi,Strike Off
U67120DL1996PTC080373,PARTICULAR MANAGE FINLEASE (INDIA) PRIVA TE LIMITED,Delhi,Strike Off
U45400DL2008PTC182185,DIVYANSH REALTORS PRIVATE LIMITED,Delhi,Active
U45400DL2011PTC218879,DESIRE SWIFT CONSTRUCTION PRIVATE LIMITED,Delhi,Strike Off
U51100DL2007PLC167179,AUTEM CONSULTANCY SERVICES LIMITED,Delhi,Active
U45201DL2003PTC119818,JAIPURIA CONSTRUCTIONS PRIVATE LIMITED,Delhi,Strike Off
AAL-8434,PURPLE ROSE GARDEN & RESORTS LLP,Delhi,Active
AAJ-9751,GLOBAL PACIFIC LOGISTICS LLP,Delhi,Active
U74994DL2019PTC355341,FUSION TALENT MANAGEMENT SERVICES PRIVATE LIMITED,Delhi,Active
U74110DL1998PLC092904,WORLDWIDE PROFESSIONALS LIMITED,Delhi,Active
U74899DL2000PTC103169,EMINENCE ADVENTURES AND TOURS PRIVATE LIMITED.,Delhi,Strike Off
U74900DL2016PTC291796,KORAL SHOPPING NETWORK PRIVATE LIMITED,Delhi,Active
U74999DL2016PTC304054,MCJ MULTIPACK PRIVATE LIMITED,Delhi,Active
U70102DL2013PTC254746,R. M. REALCON PRIVATE LIMITED,Delhi,Converted to LLP and Dissolved
U24232DL2013PTC259534,ROSTRUMED BIOTECH PRIVATE LIMITED,Delhi,Active
AAV-0128,MOEZ ATELIERR LLP,Delhi,Active
U74899DL1922PTC000087,NATIONAL TRADING COMPANY PRIVATE LIMITED,Delhi,Active
U74899DL1985PTC022701,KAY RAGHAV COTTONS PRIVATE LIMITED,Delhi,Strike Off
U70109DL2011PTC219844,RAIESA BUILDER AND PROMOTOR PRIVATE LIMITED,Delhi,Strike Off
U93000DL2014PTC268561,PERFACT FACILITY SOLUTIONS PRIVATE LIMITED,Delhi,Active
U74999DL2018PTC332819,ELIYAH DIAGNOSTICS PRIVATE LIMITED,Delhi,Active
U74140DL2007PTC158481,PRIMUS ADVISORY SERVICES PRIVATE LIMITED,Delhi,Strike Off
U74140DL2011PTC223494,AVARTANAH CONSULTANCY SERVICES PRIVATE L IMITED,Delhi,Strike Off
U74140DL2012PTC245850,BLUEVALUE CONSULTANTS PRIVATE LIMITED,Delhi,Active
U72200DL2005PTC141058,JAIPURIA INFORMATION TECHNOLOGY PRIVATE LIMITED,Delhi,Strike Off
U52599DL2006PTC153276,PRAPANCH RETAIL PRIVATE LIMITED,Delhi,Strike Off
U31906DL2020PTC360868,YASTRA TECH PRIVATE LIMITED,Delhi,Active
U35990DL2013PTC251087,KUNTAL MACHINES INDIA PRIVATE LIMITED,Delhi,Strike Off
U25201DL1999PTC100487,MOONLIGHT POLYMERS PVT. LTD.,Delhi,Strike Off
U51311DL1998PTC097161,CHELSEA INTERNATIONAL PRIVATE LIMITED,Delhi,Active
U45400DL2011PTC218880,BLACK COBRA CONSTRUCTION PRIVATE LIMITED,Delhi,Strike Off
U45400DL2013PTC262916,PRUDENT CONTRACTS PRIVATE LIMITED,Delhi,Active
AAI-3926,JAIN PHARMACY LLP,Delhi,Active
U36990DL1989PTC162996,AVANTI BRISTLERS PRIVATE LIMITED,Delhi,Amalgamated
AAL-1770,AULIYA INTERNATIONAL TOUR & TRAVELS LLP,Delhi,Active
U74999DL2016PTC307646,NEVAAN AGARBATTI PRIVATE LIMITED,Delhi,Active
U74999DL2017PTC313908,SAVERA RICE INDIA PRIVATE LIMITED,Delhi,Active
U74999DL2019PTC353520,STRATEGIC FUSION PRIVATE LIMITED,Delhi,Active
U51101DL2014PTC268470,MRIDUL INTERNATIONAL PRIVATE LIMITED,Delhi,Active
U51909DL2013PTC251035,GEEMED MARKETING PRIVATE LIMITED,Delhi,Strike Off
U70109DL2006PTC150906,SAHDEV REAL ESTATE PRIVATE LIMITED,Delhi,Strike Off
U32109DL1997PTC084447,BLUEBELL (INDIA) PRIVATE LIMITED,Delhi,Strike Off
U24100DL2010PTC204747,AVALON BIOCARES PRIVATE LIMITED,Delhi,Active
L72900DL2004PLC126096,CITYON SYSTEMS (INDIA) LIMITED,Delhi,Active
AAE-7662,S A A TRADING MART LLP,Delhi,Active
U63040DL2012PTC243308,DREAM O TRAVELZ PRIVATE LIMITED,Delhi,Active
U65992DL1986PTC024550,JEEVIKA CHITS PRIVATE LIMITED,Delhi,Strike Off
U67120DL1994PLC062707,BKJ SHARE BROKERS LIMITED,Delhi,Strike Off
U72200DL1996PTC080459,VNV SOFTWARE PRIVATE LIMITED,Delhi,Active
U72200DL2015PTC282537,GIANT TECH LABS PRIVATE LIMITED,Delhi,Active
U67190DL2013PTC262770,MYLOAN FINANCIAL SERVICES PRIVATE LIMITED,Delhi,Strike Off
U51495DL1999PTC101024,GENESIS POLYMERS PRIVATE LIMITED,Delhi,Strike Off
U51498DL1984PTC107863,GRASSMORE PRODUCTS PRIVATE LIMITED,Delhi,Amalgamated
U45201DL2006PTC144513,JAIPURIA TOWNSHIP PRIVATE LIMITED,Delhi,Strike Off
AAN-2721,AD REALTECH LLP,Delhi,Active
U40106DL2011PTC219370,PLF ENERGY MAXIMA PRIVATE LIMITED,Delhi,Strike Off
AAU-9804,CORPSAGE LEGAL LLP,Delhi,Active
U74999DL2017PTC321953,NUOS ELECTRONICS PRIVATE LIMITED,Delhi,Active
U74999DL2020PTC372014,INDISKART ECOMMERCE SERVICES PRIVATE LIMITED,Delhi,Active
U74900DL2015PTC279855,PURVANCHAL VS PROMOTERS AND DEVELOPERS PRIVATE LIMITED,Delhi,Active
U74140DL2010PTC198150,JKM ESERVICES PRIVATE LIMITED,Delhi,Strike Off
U70109DL2013PTC249665,AMARA CONSTRUCTIONS AND DEVELOPERS PRIVATE LIMITED,Delhi,Strike Off
U70109DL2014PTC265587,LORJ REALTORS PRIVATE LIMITED,Delhi,Strike Off
U45204DL2011PTC229173,S.R.C INFRA REALTORS PRIVATE LIMITED,Delhi,Active
U45200DL1984PTC018132,S.J. CONSTRUCTION PRIVATE LIMITED,Delhi,Strike Off
U45200DL2012PTC230033,ASHOKA PROCON PRIVATE LIMITED,Delhi,Strike Off
U63010DL2012PTC244279,LORDS CARGO SERVICES PRIVATE LIMITED,Delhi,Strike Off
U92419DL2019PTC353117,ZIMAN SALES INTERNATIONAL PRIVATE LIMITED,Delhi,Active
U74899DL1949PTC001552,BANWARI LAL AND SONS PRIVATE LTD,Delhi,Active
U74899DL1983PTC015833,SHIV LAL KANSHI RAM PRIVATE LIMITED,Delhi,Active
U74899DL1990PTC041718,AURO POLYMERS PRIVATE LIMITED,Delhi,Active
U74899DL1995PLC064629,BHARAT RASAYAN FINANCE LIMITED,Delhi,Active
U74899DL2001PTC109089,VKD IMPEX PRIVATE LIMITED,Delhi,Active
U80302DL2018PTC333443,DILIGENT LEARNING PRIVATE LIMITED,Delhi,Active
U74999DL2019PTC355022,ATOM POWER PROJECTS PRIVATE LIMITED,Delhi,Active
U29193DL2006PTC144356,DYNAPRO ENGINEERS PRIVATE LIMITED,Delhi,Strike Off
U24100DL2019PTC356473,BIOME LIFE SCIENCES INDIA PRIVATE LIMITED,Delhi,Active
U51397DL2008PTC181034,QNT SPORT INDIA PRIVATE LIMITED,Delhi,Active
U74210DL2006PTC145454,G.EDU VISTAS CONSULTANTS PRIVATE LIMITED,Delhi,Strike Off
U15430DL1952PTC002198,MOHANLAL MOTIRAM CONFECTIONERS PRIVATE LIMITED,Delhi,Strike Off
U24246DL1969PTC005073,COSMETIC AND CHEMICALS PRIVATE LIMITED,Delhi,Strike Off
U17120DL1980PTC011091,SHREE SARASWATI SPINNING MILLS PRIVATE LIMITED,Delhi,Strike Off
U17290DL1987PTC027489,VIRK IMPEX PRIVATE LIMITED,Delhi,Strike Off
U18109DL2001PTC111916,KARMIC ATELIER PRIVATE LIMITED,Delhi,Strike Off
U65921DL1992PTC050159,SMV LAND LEASING & FINANCE PRIVATE LIMITED,Delhi,Strike Off
U65992DL1946PTC000930,6.M.CHIT FUND PRIVATE LIMITED,Delhi,Active
U64120DL1999PTC102135,ILINK COMMUNICATIONS PRIVATE LIMITED,Delhi,Strike Off
U70200DL2010PTC200542,GOLDEN EARTH REALTORS PRIVATE LIMITED,Delhi,Strike Off
U72200DL2005PTC142580,MANGLA I T ENABLED SERVICES PRIVATE LIMITED,Delhi,Strike Off
U51909DL2002PTC113736,BIACCI EXPORTS (INDIA) PRIVATE LIMITED,Delhi,Strike Off
U51909DL2005PTC142987,KING DORIAN IMPEX PRIVATE LIMITED,Delhi,Active
U34300DL1949PTC001710,SANGHI BROS PRIVATE LIMITED,Delhi,Strike Off
U35923DL1973PLC006773,CORONA RIM MANUFACTURING COMPANY LIMITED,Delhi,Active
U45202DL2001PTC112781,GANGA DEVELOPERS PRIVATE LIMITED,Delhi,Strike Off
U74910DL2005PTC141801,A D I JOBS SERVICES PRIVATE LIMITED,Delhi,Strike Off
U74899DL1987PTC028108,DUKE HOTELS PRIVATE LIMITED,Delhi,Strike Off
U74899DL1987PTC029764,DOMESTIC EXPORTS (INDIA) PRIVATE LIMITED,Delhi,Strike Off
U74899DL1994PTC057973,A K S C ENTERPRISES PRIVATE LIMITED,Delhi,Strike Off
U74899DL2001PTC109316,BLUE SKY MIND COMMUNICATIONS PRIVATE LIMITED,Delhi,Active
U74900DL1956PTC003015,RIV-INDIA PRIVATE LIMITED,Delhi,Strike Off
U74900DL1960PTC003173,SURJIT MOTORS PRIVATE LIMITED,Delhi,Strike Off
U74900DL1961PTC003378,CRYSTIC RESINS (INDIA) PRIVATE LIMITED,Delhi,Strike Off
U74999DL1901PTC005459,GHATRA KAOLIN PRIVATE LIMITED,Delhi,Strike Off
U74999DL1901PTC018880,COTET INDIA PRIVATE LIMITED,Delhi,Strike Off
U74999DL1902PTC000513,BERSETT BROTHERS PRIVATE LIMITED,Delhi,Strike Off
U74999DL1909PTC002881,R.L. OBEROI COMPANY PRIVATE LIMITED,Delhi,Strike Off
U74999DL2000PLC108373,NARANG DISTILLERY LIMITED,Delhi,Not available for efiling
U74999DL2001PTC111424,HY-LOK INDIA PRIVATE LIMITED,Delhi,Strike Off
U74899DL1946PTC000988,HIND SALES CORPN PVT LTD,Delhi,Active
U74899DL1985PTC019881,SONIA MOTOR FINANCE PRIVATE LIMITED,Delhi,Active
U90009DL2004PTC127880,MAXI-FLOW SANITATIONS PRIVATE LIMITED,Delhi,Strike Off
U92199DL2002PTC116847,WINGS MEDIA PRIVATE LIMITED,Delhi,Strike Off
U92400DL1965PLC004495,RAHUL CLUB LIMITED,Delhi,Strike Off
U92490DL1980PTC011186,PAS PUBLIC RELATIONS AND TRADE FAIR CONSULTANCE PRIVATE LIMITED,Delhi,Strike Off
U99999DL1901PLC007126,JANAK STEEL TUBES LIMITED,Delhi,Active
U99999DL1981PTC012146,ADAMS PAPER PRODUCTS PRIVATE LIMITED,Delhi,Active
U26931DL1999PTC100527,FACILITY ENGINEERS (INDIA) PRIVATE LIMITED,Delhi,Strike Off
U67120DL1993PTC052224,LORD KANHAIYA INVESTMENT AND TRADING COMPANY PRIVATE LIMITED,Delhi,Strike Off
U67120DL1994PLC063021,NAVRANG CAPITAL MANAGEMENT LIMITED,Delhi,Active
U67120DL1995PLC067555,DELHI LAKSHMI INVESTMENT & FINLEASE LIMITED,Delhi,Active
U63040DL1901PTC003695,WINGS AND WHEELS PRIVATE LIMITED,Delhi,Strike Off
U72200DL2001PTC113587,NUCLEUS SOFTECH PRIVATE LIMITED,Delhi,Strike Off
U74899DL1988PTC034103,NITICO BUILDERS PRIVATE LIMITED,Delhi,Active
U74899DL1993PLC053178,SAWHNEY BROTHERS ROAD LINES LIMITED,Delhi,Active
U74899DL2000PTC108849,SHUBHAM FINMAC PRIVATE LIMITED,Delhi,Strike Off
U74994DL1989PTC037760,MANARC (INDIA) PRIVATE LIMITED,Delhi,Strike Off
U74999DL1909PTC005621,RAJART PRINTCO PRIVATE LIMITED,Delhi,Strike Off
U72900DL2001PTC109323,SILLCOM SYSTEMS PRIVATE LIMITED,Delhi,Strike Off
U74900DL1999PTC102197,SEBLON AWNINGS INDIA PRIVATE LIMITED,Delhi,Strike Off
U29199DL1999PTC102223,GHSP ENGINEERING PRIVATE LIMITED,Delhi,Strike Off
U14102DL2002PLC116272,INDIAN GOLD GRANITES LIMITED,Delhi,Strike Off
U17299DL2002PTC113986,PARAPHRASE CLOTHING PRIVATE LIMITED,Delhi,Strike Off
U51397DL2001PTC113233,VIGOTECH MARKETING PRIVATE LIMITED,Delhi,Strike Off
U51398DL1981PTC011502,ARJUN EXPORTS PVT LTD,Delhi,Active
U45201DL2001PTC113455,R.G. PROPERTIES PRIVATE LIMITED,Delhi,Active
U36990DL1982PTC013789,NICRO MACHINERY MANUFACTURERS PRIVATE LIMITED,Delhi,Not available for efiling
U01119DL1996PLC076138,CAPLAN PLANTATIONS (INDIA) LIMITED,Delhi,Strike Off
U01403DL2011PTC220263,N K LOTUS VALLEY PRIVATE LIMITED,Delhi,Active
U60231DL1957PTC002824,JAILAKSHMI MOTOR TRANSPORT COMPANY PRIVATE LIMITED,Delhi,Strike Off
U51505DL2001PTC111855,BHAROSA MULTI NETWORK PRIVATE LIMITED,Delhi,Active
U51909DL2001PTC113441,EASY LIFE MARKETING PRIVATE LIMITED,Delhi,Strike Off
U51909DL2005PTC142351,AKZ TRADING PRIVATE LIMITED,Delhi,Strike Off
U99999DL1974PTC007474,VIMLESH PLASTIC PROCESSORS PVT LTD.,Delhi,Strike Off
U17111DL1901PLC000690,RAMA TEXTILES LIMITED,Delhi,Strike Off
U72900DL2019FTC359353,GITHUB INDIA PRIVATE LIMITED,Delhi,Active
U34300DL2006PTC144899,GULIA CAR ACCESSORIES PRIVATE LIMITED,Delhi,Strike Off
U31104DL2006PTC146345,NUBEL POWER ELECTRONICS PRIVATE LIMITED,Delhi,Active
U92413DL2013PTC248389,ACRON EVENT AND PROMOTION PRIVATE LIMITED,Delhi,Active
U80101DL2017PTC323981,KOALA LEARNING PRIVATE LIMITED,Delhi,Active
U74999DL2017PTC325694,WINE PROJECT PRIVATE LIMITED,Delhi,Active
U85110DL2006PTC147445,GIROTI MEDICARE PRIVATE LIMITED,Delhi,Strike Off
U34300DL1963PTC004027,RACHANN AUTO PVT LTD,Delhi,Strike Off
U24219DL2001PTC110981,VEE BEE PESTICIDES PRIVATE LIMITED,Delhi,Strike Off
U24239DL1990PTC038803,AGIP PHARMACEUTICALS (INDIA) PRIVATE LIMITED,Delhi,Strike Off
U01111DL2006PTC146061,R.K. HORTICULTURES PRIVATE LIMITED,Delhi,Active
U01112DL1998PLC096973,MOONBEAM AGRO-TECH (INDIA) LIMITED,Delhi,Strike Off
U01401DL1977PTC008487,RAINBIRDS IRRIGATION PRIVATE LIMITED,Delhi,Strike Off
U70101DL2005PTC141901,FINE EDGE DEVELOPERS PRIVATE LIMITED,Delhi,Strike Off
U65992DL1986PTC023211,ROMY CHIT FUND COMPANY PRIVATE LIMITED,Delhi,Strike Off
U67120DL1996PTC080411,PAHWA (HOLDINGS) PRIVATE LIMITED,Delhi,Active
U52590DL2020PTC369054,YOERA FESTIVITIES PRIVATE LIMITED,Delhi,Active
U55101DL1971PTC005914,SEWAI HOTELS PRIVATE LIMITED,Delhi,Strike Off
U72900DL1999PLC100747,AWARD SOFTWARE ENGINEERS LIMITED,Delhi,Strike Off
U72900DL2003PTC122433,HANNAN COMPUTERS AND SOLUTIONS PRIVATE LIMITED,Delhi,Strike Off
U51109DL2005PTC143719,INSIDE ACCESS MARKETING PRIVATE LIMITED,Delhi,Strike Off
U45201DL2006PTC145516,HARIKISHAN BUILDERS AND DEVELOPERS PRIVATE LIMITED,Delhi,Strike Off
AAN-1200,VIVARTA APPARELS LLP,Delhi,Active
U25199DL1983PTC015645,SHREE YAMUNA RUBBER AND CHEMICAL INDUSTRIES PRIVATE LIMITED,Delhi,Strike Off
U74999DL2018PTC328842,ACKERLAND CORPORATE CONSULTING PRIVATE LIMITED,Delhi,Active
U74900DL1948PLC001356,ASIA UDYOG LIMITED,Delhi,Under Liquidation
U74900DL1949PLC001571,THE BASIC INDUSTRIES LIMITED,Delhi,Strike Off
U74900DL1967PTC004710,DEVKINANDAN BODH RAJ KHANNA AND COMPANY PRIVATE LIMITED,Delhi,Strike Off
U74140DL2012FTC233786,ARTHUR D LITTLE INDIA PRIVATE LIMITED,Delhi,Active
U51507DL2001PTC112669,NH MEDICOMP RESEARCH AND DEVELOPMENT PRIVATE LIMITED,Delhi,Strike Off
U51909DL1994PLC063736,SULABH INDIA COMMERCIAL LIMITED.,Delhi,Strike Off
U51909DL2003PTC121681,PVL MARKETING PRIVATE LIMITED,Delhi,Strike Off
U99999DL1962PTC003732,KOHLI AND ASHLAY PVT LTD,Delhi,Strike Off
U85110DL2006PTC145256,SANJEEV MEDICAL CENTER PRIVATE LIMITED,Delhi,Strike Off
U16009DL2006PTC145071,BHAWNA TOBACCO MANUFACTURER PRIVATE LIMITED,Delhi,Strike Off
U93000DL1909PTC005211,ATLANTIC ENGG. SERVICES PRIVATE LIMITED,Delhi,Dissolved
U93000DL1952PTC002170,A.R. PALIT AND COMPANY PRIVATE LIMITED,Delhi,Strike Off
U93000DL1997PTC086428,MIRDUL MANAGEMENT SERVICES PRIVATE LIMITED,Delhi,Strike Off
U74899DL1975PTC007795,SARNA PRIVATE LIMITED,Delhi,Active
U74899DL1985PTC020053,ANAND FARM PRIVATE LTD.,Delhi,Active
U74899DL2005PTC143916,N K FURNITURES PRIVATE LIMITED,Delhi,Strike Off
U74990DL1971PTC005566,BAMOCHI EXPORT HOUSE PRIVATE LIMITED,Delhi,Strike Off
U74999DL1995PTC066224,RUSTAGI ENGINEERING UDYOG PRIVATE LIMITED,Delhi,Strike Off
U74999DL1999PTC099990,GOLDSCAN TELECOMMUNICATIONS PRIVATE LIMI TED,Delhi,Strike Off
U92132DL2001PTC112681,GROUP 7 PRODUCTIONS PRIVATE LIMITED,Delhi,Strike Off
U80302DL2020PTC362399,ABC MOBILE INSTITUTE OF TECHNOLOGY PRIVATE LIMITED,Delhi,Active
U74999DL2014PTC270589,MNV CASTING PRIVATE LIMITED,Delhi,Active
U15310DL2012PTC243567,SHRI BALAJI BEANS PRIVATE LIMITED,Delhi,Active
U15400DL2020PTC368927,KULHAD ADDA PRIVATE LIMITED,Delhi,Active
U15490DL2020PTC369853,SARVAG FOODS PRIVATE LIMITED,Delhi,Active
U27109DL1981PTC011908,SURAJ INTERNATIONAL PRIVATE LIMITED,Delhi,Strike Off
U01403DL2007PTC167564,DEVPRIYA NATURAL FOOD PRODUCTS PRIVATE L IMITED,Delhi,Strike Off
U17309DL2017PTC323028,BLOOMINGDALE VENDORS PRIVATE LIMITED,Delhi,Active
U18101DL2006PTC146779,FORAYS APPARELS PRIVATE LIMITED,Delhi,Strike Off
AAW-1621,F2H MARKETING & RETAIL SERVICES LLP,Delhi,Active
AAB-6448,CHARTERED INTERPRETERS LLP,Delhi,Defunct
U70100DL2016OPC309513,SRI SHIVEN ASSOCIATES PRIVATE LIMITED (OPC),Delhi,Active
U63030DL2017PTC318949,STSP CARGO MOVERS PRIVATE LIMITED,Delhi,Active
U63040DL1998PTC092153,TRAVEL VOGUE PRIVATE LIMITED,Delhi,Active
U70200DL2010PLC199170,DELHI INFRATECH LIMITED,Delhi,Active
U72200DL2008PTC174018,VIRTUAL RISK SERVICES PRIVATE LIMITED,Delhi,Active
U55101DL2001PTC111928,SRI GURU KRIPA FOOD AND BREVERAGES PVT. LTD. N,Delhi,Strike Off
U55101DL2015PTC288344,ILLUMINATI HOTELS PRIVATE LIMITED,Delhi,Active
U60200DL2020PTC361417,GTS EXPRESS INDIA PRIVATE LIMITED,Delhi,Active
U52609DL2017PTC324340,INDIGENA HERBS AND ORGANICS PRIVATE LIMITED,Delhi,Active
U72300DL2008PTC174066,INDIRA IRON ORE PRIVATE LIMITED,Delhi,Strike Off
U72300DL2013PTC260810,SIGNISYS TECHNICAL SERVICES PRIVATE LIMITED,Delhi,Strike Off
U72900DL2016PTC305075,NEXREVO TECHNOLOGIES PRIVATE LIMITED,Delhi,Active
U72900DL2019OPC348098,DYG TECHSYSTEM (OPC) PRIVATE LIMITED,Delhi,Active
U51909DL2003PTC119206,SAHIL FUELS PRIVATE LIMITED,Delhi,Active
U51909DL2006PTC156762,HARI TRADERS PRIVATE LIMITED,Delhi,Strike Off
U51909DL2010PTC200673,SAMAD IMPEX PRIVATE LIMITED,Delhi,Strike Off
U51909DL2014PTC267242,PRASH RAJ ENTERPRISES PRIVATE LIMITED,Delhi,Active
U52100DL2016PLC292172,ABOECTS TRADING AND MARKETING LIMITED,Delhi,Active
U67120DL2003PTC120805,TIMES STOCK BROKING PRIVATE LIMITED,Delhi,Under Process of Striking Off
U31909DL2019PTC355659,WOWMY DREAMS INDIA RETAIL PRIVATE LIMITED,Delhi,Active
U35923DL2019PTC359001,PASIO TECHNOPLAST INDIA PRIVATE LIMITED,Delhi,Active
U45300DL2008PTC176280,SANMOK INFRASTRUCTURES PRIVATE LIMITED,Delhi,Strike Off
U45400DL2011PTC218883,PINK ELEPHANT CONSTRUCTION PRIVATE LIMITED,Delhi,Strike Off
U45400DL2012PTC241849,QUITE CONSTRUCTIONS PRIVATE LIMITED,Delhi,Strike Off
U45400DL2013PTC253641,SITI REALCON INFRATECH PRIVATE LIMITED,Delhi,Strike Off
U51101DL2013PTC255700,CORDIAL OVERSEAS PRIVATE LIMITED,Delhi,Strike Off
U45200DL2007PTC158353,AVD LAND DEVELOPERS & CONSTURCTIONS PRIVATE LIMITED,Delhi,Strike Off
U45201DL2005PTC142892,AESTHETE COLONIZERS PRIVATE LIMITED,Delhi,Active
U45201DL2006PTC146999,VJK CONSTRUCTIONS PRIVATE LIMITED,Delhi,Strike Off
AAL-7526,BIZATECH ADVISORS LLP,Delhi,Active
AAO-9948,POOJA ASSOCIATES LLP,Delhi,Active
AAH-6774,EGON BLUE LLP,Delhi,Active
AAI-9426,MA KATYANI COLOUR LABS LLP,Delhi,Active
AAJ-2186,SWAGAT FARMS LLP,Delhi,Active
AAJ-4058,SAPTARANG ESTATES LLP,Delhi,Active
U74920DL2011PTC214186,EASYLIFE TECHNOLOGIES PRIVATE LIMITED,Delhi,Strike Off
U74110DL2010PTC203372,AUXILIUM LEGAL SERVICES PRIVATE LIMITED,Delhi,Strike Off
U74899DL1988PTC030993,BON SALES PVT LTD,Delhi,Active
U74899DL1991PTC046635,ST SOLDIER HOUSING AND CONSTRUCTION PRIVATE LIMITED,Delhi,Active
U74899DL1995PTC069506,PHJ SECURITIES PRIVATE LIMITED,Delhi,Active
U74899DL1996PLC080423,DYANAMIC ENGINEERS LIMITED,Delhi,Active
U74900DL2009PTC187169,CHIC INFRASTRUCTURE PRIVATE LIMITED,Delhi,Active
U74900DL2010PTC199239,ILS VISAS SERVICES PRIVATE LIMITED,Delhi,Strike Off
U74900DL2016PLC292535,WEKA PORTFOLIO CONSULTANTS LIMITED,Delhi,Active
U74900DL2016PLC292670,HAMISH PORTFOLIO CONSULTANTS LIMITED,Delhi,Active
U74999DL2014PTC268040,LAGERSTROEMIA ADVISORS PRIVATE LIMITED,Delhi,Active
U74999DL2016PLC292186,GAZANIA PORTFOLIO CONSULTANTS LIMITED,Delhi,Active
U74999DL2016PLC292757,JACANAS PORTFOLIO CONSULTANTS LIMITED,Delhi,Active
U74999DL2017OPC318753,AJIM IMPORT EXPORT (OPC) PRIVATE LIMITED,Delhi,Active
U70102DL2009PTC196647,MASUVI HOMES PRIVATE LIMITED,Delhi,Strike Off
U74140DL2007PTC167226,VISMAA RETAIL VENTURES PRIVATE LIMITED,Delhi,Strike Off
U31401DL2015PTC276276,KOSMOS ENERGY PRIVATE LIMITED,Delhi,Under Process of Striking Off
U74899DL1981PLC012017,OWN INVESTMENT INDIA LIMITED,Delhi,Active
U85110DL2012PTC235357,TRU LABS PRIVATE LIMITED,Delhi,Strike Off
U92140DL2021OPC379516,KALAKAAR SPACE (OPC) PRIVATE LIMITED,Delhi,Active
U93000DL2009PTC191549,YWC CONSULTANTS PRIVATE LIMITED,Delhi,Strike Off
U93000DL2009PTC191874,QUEESEC AUTOMATIONS PRIVATE LIMITED,Delhi,Strike Off
U93090DL2019PTC356489,SEA LIONS SPORTS & ENTERTAINMENT PRIVATE LIMITED,Delhi,Active
U99999DL1983PTC015429,BEGUM CHIT FUND PVT LTD,Delhi,Strike Off
U70109DL2013PTC248772,RIYA PROMOTERS & DEVELOPERS PRIVATE LIMITED,Delhi,Active
U74999DL2017PTC317056,DANDS INFOSERVE PRIVATE LIMITED,Delhi,Active
U74999DL2017PTC319499,TWENTY THREE EVENTS PRIVATE LIMITED,Delhi,Active
U74999DL2017PTC326036,RIVER LEADERSHIP CONSULTANCIES INDIA PRIVATE LIMITED,Delhi,Active
U74140DL2014PTC267654,DEV WOODZONE PRIVATE LIMITED,Delhi,Active
U74110DL2018PTC330125,HRP ACCOUNTING & ADVISORY SERVICES PRIVATE LIMITED,Delhi,Active
U74120DL2008PTC181723,STANFORD HOTEL MANAGEMENT PRIVATE LIMITED,Delhi,Strike Off
U74140DL2011PTC224170,TREACLE ASSOCIATES PRIVATE LIMITED,Delhi,Strike Off
U70102DL2013PTC251062,ABCZ BUILDCON PRIVATE LIMITED,Delhi,Active
U63040DL2006PTC145102,TEJSONS MOTORS PRIVATE LIMITED,Delhi,Strike Off
U64201DL2006PTC155078,KRISHNA TELENET PRIVATE LIMITED,Delhi,Active
U65100DL2015PLC278791,UNINAV CAPITAL LIMITED,Delhi,Strike Off
U72200DL2005PTC142908,VSK INFOTECH PRIVATE LIMITED,Delhi,Active
U72200DL2008PTC172182,PHXX WEBLAUNCH SOLUTIONS PRIVATE LIMITED,Delhi,Strike Off
U72200DL2014FTC267615,COMMEASURE SOLUTIONS INDIA PRIVATE LIMITED,Delhi,Active
U72200DL2014PTC272733,EIPIE SOLUTIONS PRIVATE LIMITED,Delhi,Strike Off
U74899DL1969PTC004986,BOLTON PRIVATE LIMITED,Delhi,Strike Off
U74899DL1990PTC039586,O.P. SONI AND SONS PRIVATE LIMITED,Delhi,Active
U74899DL1991PTC042884,ST. SOLDIERS BUILDERS PRIVATE LIMITED,Delhi,Active
U74899DL1994PTC057727,8 SQUARE STRUCTURES PRIVATE LIMITED,Delhi,Active
U74899DL1995PTC066966,AESTHETE INTERNATIONAL PRIVATE LIMITED,Delhi,Active
U74899DL2006PTC145112,HI-QUA AGRO TECH PRIVATE LIMITED,Delhi,Strike Off
U52590DL2016PTC307277,ELVIRA JEWELS PRIVATE LIMITED,Delhi,Active
U74999DL1958PTC002933,NU-LOOK PVT LTD,Delhi,Strike Off
U74999DL2014PTC267483,JEEVAN DIAGNOST PHARMACEUTICALS PRIVATE LIMITED,Delhi,Active
U74999DL2016NPL302665,DPSCHAITA FOUNDATION,Delhi,Active
U74999DL2016PLC292361,HAWKS PORTFOLIO CONSULTANTS LIMITED,Delhi,Active
U72900DL2005PTC136795,ZAP INFORMATION TECHNOLOGY PRIVATE LIMITED,Delhi,Active
U72900DL2007PTC170596,CONFLICT ANALYSIS & SECURITY SOLUTIONS PRIVATE LIMITED,Delhi,Strike Off
U72900DL2016FTC289472,ETRMSERVICES INDIA PRIVATE LIMITED,Delhi,Active
U32109DL2008PTC172692,WAMPIRE ELECTRONICS PRIVATE LIMITED,Delhi,Strike Off
U27310DL2007PTC166367,STYLE METAL WORKS PRIVATE LIMITED,Delhi,Strike Off
U28112DL2013PTC251821,VIHAAN BUILDFAB PRIVATE LIMITED,Delhi,Active
U28999DL2016PTC304629,CYTON MV PRIVATE LIMITED,Delhi,Active
U22300DL2012PTC242265,GOLF OUTDOOR AND MEDIA SERVICE PRIVATE LIMITED,Delhi,Strike Off
U18101DL2006PTC145640,VARUN SELECTION PRIVATE LIMITED,Delhi,Active
U15339DL2004PTC123823,K L M FOODS PRIVATE LIMITED,Delhi,Active
U15549DL2017PTC314282,RASO CONFECTIONERS PRIVATE LIMITED,Delhi,Under Process of Striking Off
U15549DL2017PTC327133,JALPAK FOODS INDIA PRIVATE LIMITED,Delhi,Active
AAD-4701,RIVULET AGRICULTURAL ESTATES LLP,Delhi,Active
U51494DL2011PTC227304,MAHANAGAR MERCANTILE PRIVATE LIMITED,Delhi,Strike Off
U45400DL2007PTC163464,D.R. BUILDTECH PRIVATE LIMITED,Delhi,Active
U45400DL2008PTC182464,MAHANAGAR PROMOTERS PRIVATE LIMITED,Delhi,Active
U45400DL2011PTC224428,LIBRA INFRA SOLUTIONS PRIVATE LIMITED,Delhi,Active
U45400DL2015PLC280655,MCCL REALTECH LIMITED,Delhi,Active
U45201DL2006PTC146991,ISSO DEVELOPERS PRIVATE LIMITED,Delhi,Converted to LLP
AAJ-7039,TRAVELNTOURIST VACATIONS LLP,Delhi,Active
U45200DL2007PTC158358,PRAKRITHI REALTY PRIVATE LIMITED,Delhi,Strike Off
AAP-3507,HEALTHWIRE MEDIA LLP,Delhi,Active
AAQ-3399,MOLINA AYURVEDIC PRODUCTS LLP,Delhi,Active
U93090DL2019PTC352597,B-E CONSULTANT SERVICES PRIVATE LIMITED,Delhi,Active
U80221DL2004PTC129527,KARAN EDUCATION PRIVATE LIMITED,Delhi,Active
U80302DL1998NPL091481,PEOPLE S ARCHIVE (EDUCATION INDUSTRY AND THE ARTS),Delhi,Active
U80900DL2018PTC331455,SGBS EDUTECH PRIVATE LIMITED,Delhi,Active
U80904DL2013PTC259634,UNIEIT INDIA PRIVATE LIMITED,Delhi,Strike Off
U67190DL2013PTC259179,MAHAVEERA FINSERV PRIVATE LIMITED,Delhi,Strike Off
U74999DL2017NPL326533,IITD-AIA FOUNDATION FOR SMART MANUFACTURING,Delhi,Active
U74999DL2017PTC321123,FLYINGBIRD ONLINE SERVICES PRIVATE LIMITED,Delhi,Active
U55209DL2018PTC335934,DEEPSOUNDS HOSPITALITY PRIVATE LIMITED,Delhi,Active
U51505DL2013PTC258612,SUNCRUX ENGINEERING PRIVATE LIMITED,Delhi,Strike Off
AAV-8800,SPK FRESHNERS LLP,Delhi,Active
U63013DL2004PTC125545,WANDW CARGO PRIVATE LIMITED,Delhi,Active
U45209DL2019PTC345130,LAEGRO BUILDCON PRIVATE LIMITED,Delhi,Active
U45200DL2011PTC218882,HAMSTER CONSTRUCTION PRIVATE LIMITED,Delhi,Strike Off
U51909DL2006PTC146969,OASIS COMMERCIAL PRIVATE LIMITED,Delhi,Active
U74920DL2008PTC183880,FAITH SECURITY AND DETECTIVES PRIVATE LIMITED,Delhi,Strike Off
U85100DL2014PTC264085,WORTHY HEALTHCARE SOLUTIONS PRIVATE LIMITED,Delhi,Active
U32309DL2006PTC150391,ATR ACOUSTICS PRIVATE LIMITED,Delhi,Strike Off
U33119DL1992PTC050369,MICRO SOFT DIGNOSTIC PRIVATE LIMITED,Delhi,Strike Off
U33119DL2017PTC310008,MEDWAALA PHARMACEUTICALS PRIVATE LIMITED,Delhi,Active
U33201DL2001PTC112078,DIVINE OPTICS PRIVATE LIMITED,Delhi,Strike Off
U34300DL2005PTC137599,VRD AUTOMATION PRIVATE LIMITED,Delhi,Active
U36911DL2006PTC146266,D.S.D. STONE PRIVATE LIMITED,Delhi,Strike Off
U11202DL2000PTC106005,SIDH PETROCHEM PRIVATE LIMITED,Delhi,Active
U13204DL2011PTC221900,MAURYA NATURAL RESOURCES PRIVATE LIMITED,Delhi,Under Process of Striking Off
U15122DL2013PTC259718,NEXTUS VENTURES PRIVATE LIMITED,Delhi,Active
U18100DL2011PTC218761,FMG CLOTHING PRIVATE LIMITED,Delhi,Active
AAW-6334,MEAN CONSULTANCY SERVICES LLP,Delhi,Active
U70101DL2011PTC221400,ARNOO PROJECTS PRIVATE LIMITED,Delhi,Active
U63023DL2012PTC241485,PROMAT LOGISTICS PRIVATE LIMITED,Delhi,Active
U63030DL2009PTC187074,ASPARK HOLIDAYS PRIVATE LIMITED,Delhi,Active
U67120DL2007PTC162772,CHANDWASIA COMMODITIES PRIVATE LIMITED,Delhi,Active
U72100DL2001PTC109802,GYAN BHARTI INFOTECH PRIVATE LIMITED,Delhi,Active
U72200DL2006PTC145631,SEMUSI TECHNOLOGIES PRIVATE LIMITED,Delhi,Active
U52609DL2020PTC367340,DERNIER-CRI STORES PRIVATE LIMITED,Delhi,Active
U72900DL2016PTC304362,CINNTRA INFO TECH SOLUTIONS PRIVATE LIMITED,Delhi,Active
U70100DL2019PTC352662,SPJ PROMOTERS PRIVATE LIMITED,Delhi,Active
U55209DL2016PTC305507,SIDDH GANGOUR SWEETS & DESSERTS PRIVATE LIMITED,Delhi,Active
U72300DL2006PTC151407,ITBROTHER INFOTECH PRIVATE LIMITED,Delhi,Strike Off
U72300DL2007ULT160741,BPB COMPUTER HARDWARE ENGINEERING COLLEGE PRIVATE LIMITED,Delhi,Strike Off
U51109DL2016PTC289973,NATIVE SALES PRIVATE LIMITED,Delhi,Active
U45201DL1989PLC037107,UPVAN BUILDERS LIMITED,Delhi,Active
U45201DL2006PTC146658,JAI KISHAN DASS AND SONS BUILDWELL PRIVATE LIMITED,Delhi,Active
U45201DL2006PTC147501,SKYTECH BUILDCON PRIVATE LIMITED,Delhi,Strike Off
U45201DL2013PTC248001,FASTECH BUILDERS PRIVATE LIMITED,Delhi,Active
U45400DL2009PTC187090,SAG INFRASTRUCTURE PRIVATE LIMITED,Delhi,Active
U45400DL2010PTC206781,S.R.C REALTORS PRIVATE LIMITED,Delhi,Active
U45400DL2011PTC218854,JELLYFISH CONSTRUCTION PRIVATE LIMITED,Delhi,Strike Off
U45400DL2013PTC258727,PARTH LANDCON PRIVATE LIMITED,Delhi,Strike Off
AAM-5090,DESTA RESEARCH LLP,Delhi,Active
AAP-7070,YUM PLUM LLP,Delhi,Active
AAJ-5958,GAURI SHANKAR LOGISTIC LLP,Delhi,Active
U29266DL2013PTC249056,VERNAL ENGINEERING PRIVATE LIMITED,Delhi,Strike Off
U45100DL2016PTC305007,LEITNER INDIA PRIVATE LIMITED,Delhi,Active
AAR-6956,MISHKA GUPTA ENTERPRISES LLP,Delhi,Active
U74999DL2015PTC279424,FITCITI TECHNOLOGY PRIVATE LIMITED,Delhi,Active
U74999DL2016PLC292385,PLOVERS PORTFOLIO CONSULTANTS LIMITED,Delhi,Active
U74999DL2016PTC304350,HELIOS SMARTECH PRIVATE LIMITED,Delhi,Active
U74999DL2017PTC323061,ANAGRO EXPORTS PRIVATE LIMITED,Delhi,Active
U74999DL2018PTC333359,ENCHANTRESS LOUNGE MAKEUP STUDIO PRIVATE LIMITED,Delhi,Active
U74999DL2019PTC354099,MARE MARITIME SUPPLIES AND SERVICES PRIVATE LIMITED,Delhi,Active
U74999DL2020OPC364737,A57 SUPPORT SERVICES (OPC) PRIVATE LIMITED,Delhi,Active
U74900DL2008PTC182162,A T IMPEX PRIVATE LIMITED,Delhi,Strike Off
U74900DL2009PTC188919,ABS LOGISTICS PRIVATE LIMITED,Delhi,Active
U74900DL2012PTC244989,YASHDEEP FACILITIES PRIVATE LIMITED,Delhi,Strike Off
U74900DL2013PTC248630,TRIUMPH GLOBAL PRIVATE LIMITED,Delhi,Active
U74900DL2016NPL293029,TIMOR FOUNDATION,Delhi,Active
U74900DL2016PLC292533,NIKUNJ PORTFOLIO CONSULTANTS LIMITED,Delhi,Active
U51900DL2018PTC342443,VISAM BROTHERS INDIA PRIVATE LIMITED,Delhi,Active
U70109DL2010PTC203284,J.M. INFRATECH PRIVATE LIMITED,Delhi,Amalgamated
U70109DL2012PTC243313,L.P. ESTCON (INDIA) PRIVATE LIMITED,Delhi,Strike Off
U70109DL2017PTC324727,SKETS SPACES PRIVATE LIMITED,Delhi,Active
U65192DL2008PTC172326,B K PORTFOLIO PRIVATE LIMITED,Delhi,Strike Off
U65923DL2007PTC166215,KANGAROO FINANCIAL SERVICES PRIVATE LIMITED,Delhi,Active
U45200DL1998PTC091982,GUPTA BROS (INDIA) PRIVATE LIMITED,Delhi,Strike Off
U61200DL2020PTC371334,CLASSIC CRUISE & SHIP PRIVATE LIMITED,Delhi,Active
U85100DL2020NPL361516,KRBL FOUNDATION,Delhi,Active
U27101DL1992PLC047015,ST SOLDIER PROPERTIES AND INDUSTRIES LIMITED,Delhi,Active
U70101DL1998PTC094231,CITY FAME BUILDERS PRIVATE LIMITED,Delhi,Active
U70101DL2003PTC118375,RMH CONTRACTS PRIVATE LIMITED,Delhi,Active
U92419DL2019PTC357363,COWBOYS SPORTS & ENTERTAINMENT PRIVATE LIMITED,Delhi,Active
U92490DL2012PTC232456,AKS FESTIVITIES PRIVATE LIMITED,Delhi,Strike Off
U74899DL1974PTC007501,CERAMIC CAPACITORS MANUFACTURING CO PVT LTD,Delhi,Strike Off
U74899DL1981PTC012827,SAVITRI CYLINDERS PRIVATE LIMITED,Delhi,Active
U74899DL1983PLC016391,TULIP FINANCE LIMITED,Delhi,Active
U74899DL1995PTC064780,IMPRESSIVE INVESTMENT PRIVATE LIMITED,Delhi,Active
U74899DL1997PTC087376,TULIP MERCANTILE PRIVATE LIMITED,Delhi,Active
U74899DL1999PTC099800,S L OVERSEAS PRIVATE LIMITED,Delhi,Active
U74910DL1994PTC062386,INTEGRATED SALES DISTRIBUTORS PRIVATE LI MITED,Delhi,Strike Off
U74950DL2002PTC115713,PARADISE MULTIPACK INDIA PRIVATE LIMITED,Delhi,Active
U80302DL2019PTC346891,VINAYAN (INDIA) CONSULTING AND SERVICES PRIVATE LIMITED,Delhi,Active
U80902DL2021PTC377935,VINYANS (INDIA) ADMISSIONS & SCHOLARSHIPS CONSULTING PRIVATE LIMITED,Delhi,Active
U80903DL2014PTC274504,YUVA PLATFORM GUIDELINES PRIVATE LIMITED,Delhi,Strike Off
U29200DL2021PTC379485,SURAKSHA ROAD SAFETY PRIVATE LIMITED,Delhi,Active
U72900DL2018PTC334003,SHIYAZ INFOTECH PRIVATE LIMITED,Delhi,Active
U72900DL2020PTC363016,HOLOSOFT PRIVATE LIMITED,Delhi,Active
U51909DL2006PTC146046,FAMILY EXPORTS PRIVATE LIMITED,Delhi,Strike Off
U32109DL2019FTC355255,RFTECH MOBILE PRIVATE LIMITED,Delhi,Active
U45201DL2006PTC145127,JSS DEVELOPERS PRIVATE LIMITED,Delhi,Strike Off
U45201DL2006PTC145650,AMMA BUILDTECH PRIVATE LIMITED,Delhi,Strike Off
U74920DL2002PTC114235,KARTIKA PLACEMENT SECQURITY SERVICES PRIVATE LIMITED,Delhi,Strike Off
U74899DL1989PTC035366,BHISHMA EXPORTS PRIVATE LIMITED,Delhi,Active
U74899DL2006PTC144874,SHREE TRILOKI DEVELOPERS PRIVATE LIMITED,Delhi,Strike Off
U74999DL2014PTC274291,MACKERAL OIL TOOLS PRIVATE LIMITED,Delhi,Active
U85300DL2020NPL367459,NAVYA UJALA FOUNDATION,Delhi,Active
U85320DL2018PTC329336,AUSHADH LIFECARE PRIVATE LIMITED,Delhi,Active
U90000DL2020PTC371140,UK W INFRA PRIVATE LIMITED,Delhi,Active
U74999DL2021OPC378406,COMPLIANCE HOTSPOT (OPC) PRIVATE LIMITED,Delhi,Active
U74999DL2018PTC340720,FAGS TECHNOLOGIES PRIVATE LIMITED,Delhi,Active
U74999DL2019OPC347568,WIZ MONEYART SERVICES (OPC) PRIVATE LIMITED,Delhi,Active
U74890DL2005PTC144206,ANAND PLASTICIDES PRIVATE LIMITED,Delhi,Strike Off
U74899DL1988PTC034462,REGENCY EXPORTS PRIVATE LIMITED,Delhi,Active
U74993DL2017PTC323641,QUTUB BAZAAR PRIVATE LIMITED,Delhi,Active
U72900DL2019PTC355836,SCALEOPS ARTIFICIAL INTELLIGENCE PRIVATE LIMITED,Delhi,Active
U17115DL2006PTC146821,RAMAN TEXTILES PRIVATE LIMITED,Delhi,Strike Off
U18101DL2006PTC144895,REBSEB FASHIONS PRIVATE LIMITED,Delhi,Strike Off
AAR-8250,VULCAN PARTNERS LLP,Delhi,Active
U85190DL2008PTC176756,EZ HEALTHLINE PRIVATE LIMITED,Delhi,Active
U92133DL2005PTC142835,PLATINUM MULTIMEDIA PRIVATE LIMITED,Delhi,Strike Off
U72300DL2010PTC209767,S4 DESTINATION MANAGEMENT COMPANY PRIVATE LIMITED,Delhi,Active
U74999DL2016PTC307836,BLITHE LOGISTICS PRIVATE LIMITED,Delhi,Strike Off
U74999DL2021OPC380223,GALLERY CRIMSON (OPC) PRIVATE LIMITED,Delhi,Active
AAV-3317,CELESTIAL VALLEY LLP,Delhi,Active
AAV-3320,SPG REALTY ZONE LLP,Delhi,Active
AAV-3322,SPG REALTY MART LLP,Delhi,Active
U51909DL2006PTC145634,RATANJOT GREEN FUELS PRIVATE LIMITED,Delhi,Active
U70109DL2012PTC246664,MERA BABA LANDBASE PRIVATE LIMITED,Delhi,Strike Off
U70109DL2021PTC379449,RESIDENTIAL SQUARE PRIVATE LIMITED,Delhi,Active
AAA-8816,RPM NATURAL RESOURCES LLP,Delhi,Active
U45201DL2006PTC145736,B.L. INFRATECH PRIVATE LIMITED,Delhi,Strike Off
AAM-1668,NET2SOURCE LLP,Delhi,Active
AAV-3323,SKYHIGH ZONE LLP,Delhi,Active
U25200DL2016PTC292606,DHRUV POLYCOAT PRIVATE LIMITED,Delhi,Active
U74999DL2018PTC328356,OMNISCIENCE INFORMATION TECHNOLOGIES (INDIA) PRIVATE LIMITED,Delhi,Active
U74999DL2018PTC339775,BEST OUTCOME CONSULTANTS PRIVATE LIMITED,Delhi,Active
U74999DL2019PTC346742,ACCELERATE PRODUCTX VENTURES PRIVATE LIMITED,Delhi,Active
U74999DL2021PTC375320,INTELLIGENZIA SECURITY TRAINING AND RECRUITMENT INDIA PRIVATE LIMITED,Delhi,Active
U74899DL1989PTC036043,ANCHAL COMMERCIAL PRIVATE LIMITED,Delhi,Active
U17200DL2014PTC269948,MNV FASHION PRIVATE LIMITED,Delhi,Active
U74999DL2019PTC346179,EXPRESSWINGS LOGISTICS PRIVATE LIMITED,Delhi,Active
U72502DL2020PTC374119,INFOFOX SYSTEMS PRIVATE LIMITED,Delhi,Active
U29199DL1999PTC100583,HEI ENGINEERING PRIVATE LIMITED.,Delhi,Strike Off
U29253DL2012PTC230551,CE COMFORT ENGINEERS PRIVATE LIMITED,Delhi,Active
U29308DL1999PLC100085,SCOT AUTOMATION LIMITED,Delhi,Strike Off
U30009DL2020PTC369091,MAKER CREATIONS PRIVATE LIMITED,Delhi,Active
U31102DL2006PTC146621,COILS & TRANSFORMER INDIA PRIVATE LIMITED,Delhi,Active
U31102DL2008PTC183611,VASAVI THERMAL TRANSFER PRIVATE LIMITED,Delhi,Strike Off
U15400DL2021PTC375221,GOPHER VENTURES PRIVATE LIMITED,Delhi,Active
U15490DL2012PTC235907,FERIA INTERNATIONAL PRIVATE LIMITED,Delhi,Active
U15499DL2002PTC116839,LNM FOODS PRIVATE LIMITED,Delhi,Strike Off
U15549DL2018PTC333650,SPICE FRESH PRIVATE LIMITED,Delhi,Active
U27106DL2006PTC145645,GARG MINERALS AND ALLOYS PRIVATE LIMITED,Delhi,Strike Off
U27107DL2007PTC157288,BLUE ENGINEERING PRIVATE LIMITED,Delhi,Active
U27310DL2002PTC115983,SARU PRECISION WIRES PRIVATE LIMITED,Delhi,Active
U28112DL2006PTC145511,TRIDENT SUPER STRUCTURES PRIVATE LIMITED,Delhi,Strike Off
U29100DL1978PLC008989,EICHER PRECISION MACHINES LIMITED,Delhi,Strike Off
U19100DL2016PTC307113,4TRACK STEPUP PRIVATE LIMITED,Delhi,Active
U19201DL1970PTC005490,THE LEATHER GOODS MANUFACTURING AND MARKETING COMPANY LIMITED,Delhi,Strike Off
U20101DL2006PTC148338,KANHAI KRAFTS PRIVATE LIMITED.,Delhi,Strike Off
U21093DL2018PTC343600,ULTRA BARRIER PRIVATE LIMITED,Delhi,Active
U22110DL1999PTC103029,QUANTUM MEDIA PRIVATE LIMITED,Delhi,Active
U22190DL2012PTC231949,DIGIZONE PLUS PRIVATE LIMITED,Delhi,Strike Off
U22212DL2008PTC173315,IN TOUCH PUBLICATIONS PRIVATE LIMITED,Delhi,Strike Off
U01119DL1999PLC100700,GANESH DAS BHOJRAJ (INDIA) LTD.,Delhi,Strike Off
U11100DL2007PTC161228,PEEKAY AIR FILTERS PRIVATE LIMITED,Delhi,Active
U24233DL2007PLC166943,DALMIA SUGAR VENTURES LIMITED,Delhi,Active
U25200DL1973PTC007023,HARYANA PLASTEX LIMITED,Delhi,Strike Off
U25200DL2008PTC175267,SHIELD POLYMERS PRIVATE LIMITED,Delhi,Under Process of Striking Off
U25206DL1986PTC026255,BARAR POLYLS PRIVATE LIMITED,Delhi,Strike Off
U17121DL2007PTC167808,DELUXE WEAR TRADING PRIVATE LIMITED,Delhi,Active
U18101DL1998PTC091765,NKR SYNTEX PRIVATE LIMITED,Delhi,Active
U18101DL2003PTC119470,PADMAWATI COLOUR TOUCH PRIVATE LIMITED,Delhi,Strike Off
U18101DL2004PTC128661,DELTA GARMENTS PRIVATE LIMITED,Delhi,Active
U18101DL2008PTC182554,SEEMA APPARELS PRIVATE LIMITED,Delhi,Active
AAV-7136,APRICOT DESIGN LLP,Delhi,Active
AAV-7209,SUACHIN CONSTRUCTIONS LLP,Delhi,Active
AAB-4125,PASCO MOTORS UDAIPUR LLP,Delhi,Active
AAC-0572,CORPORATE LAW SOLUTIONS LLP,Delhi,Active
AAC-2312,MOSAIC NEW AGE BUILDLAND ADVISORY LLP,Delhi,Active
AAC-3290,ABACUS LAW ASSOCIATES LLP,Delhi,Defunct
AAE-0501,3DM OVERSEAS LLP,Delhi,Active
AAE-3547,SHRI HARIHAR AUSHADHALAYA LLP,Delhi,Active
AAE-8141,ALTA AUTOMATION LLP,Delhi,Active
U67190DL1958PTC002944,THE DELHI BROKERS ASSOCIATION LIMITED,Delhi,Active
U67190DL1969PTC005080,UNIVERSAL INVESTMENT TRUST LIMITED,Delhi,Under Liquidation
U67190DL2011PTC229231,LIFETIME FOREX SERVICES PRIVATE LIMITED,Delhi,Strike Off
U70101DL2005PTC139903,NADISH REAL ESTATE PRIVATE LIMITED,Delhi,Active
